<annotation>
	<folder>rename</folder>
	<filename>000035.jpg</filename>
	<path>C:\Users\22824\Documents\WeChat Files\wxid_9n3z3s9199e421\FileStorage\File\2024-03\VOC\VOC\rename\000035.jpg</path>
	<source>
		<database>Unknown</database>
	</source>
	<size>
		<width>1574</width>
		<height>740</height>
		<depth>3</depth>
	</size>
	<segmented>0</segmented>
	<object>
		<name>blue_tank</name>
		<pose>Unspecified</pose>
		<truncated>0</truncated>
		<difficult>0</difficult>
		<bndbox>
			<xmin>540</xmin>
			<ymin>314</ymin>
			<xmax>604</xmax>
			<ymax>372</ymax>
		</bndbox>
	</object>
	<object>
		<name>blue_tank</name>
		<pose>Unspecified</pose>
		<truncated>0</truncated>
		<difficult>0</difficult>
		<bndbox>
			<xmin>623</xmin>
			<ymin>288</ymin>
			<xmax>692</xmax>
			<ymax>341</ymax>
		</bndbox>
	</object>
	<object>
		<name>red_tank</name>
		<pose>Unspecified</pose>
		<truncated>0</truncated>
		<difficult>0</difficult>
		<bndbox>
			<xmin>1456</xmin>
			<ymin>232</ymin>
			<xmax>1518</xmax>
			<ymax>271</ymax>
		</bndbox>
	</object>
	<object>
		<name>red_tank</name>
		<pose>Unspecified</pose>
		<truncated>0</truncated>
		<difficult>0</difficult>
		<bndbox>
			<xmin>1489</xmin>
			<ymin>290</ymin>
			<xmax>1552</xmax>
			<ymax>343</ymax>
		</bndbox>
	</object>
</annotation>
