<annotation>
	<folder>rename</folder>
	<filename>000238.jpg</filename>
	<path>C:\Users\22824\Documents\WeChat Files\wxid_9n3z3s9199e421\FileStorage\File\2024-03\VOC\VOC\rename\000238.jpg</path>
	<source>
		<database>Unknown</database>
	</source>
	<size>
		<width>1574</width>
		<height>740</height>
		<depth>3</depth>
	</size>
	<segmented>0</segmented>
	<object>
		<name>blue_tank</name>
		<pose>Unspecified</pose>
		<truncated>0</truncated>
		<difficult>0</difficult>
		<bndbox>
			<xmin>707</xmin>
			<ymin>356</ymin>
			<xmax>776</xmax>
			<ymax>400</ymax>
		</bndbox>
	</object>
	<object>
		<name>blue_tank</name>
		<pose>Unspecified</pose>
		<truncated>0</truncated>
		<difficult>0</difficult>
		<bndbox>
			<xmin>943</xmin>
			<ymin>612</ymin>
			<xmax>988</xmax>
			<ymax>660</ymax>
		</bndbox>
	</object>
	<object>
		<name>red_tank</name>
		<pose>Unspecified</pose>
		<truncated>0</truncated>
		<difficult>0</difficult>
		<bndbox>
			<xmin>1445</xmin>
			<ymin>231</ymin>
			<xmax>1513</xmax>
			<ymax>276</ymax>
		</bndbox>
	</object>
</annotation>
