<annotation>
	<folder>rename</folder>
	<filename>000409.jpg</filename>
	<path>C:\Users\22824\Documents\WeChat Files\wxid_9n3z3s9199e421\FileStorage\File\2024-03\VOC\VOC\rename\000409.jpg</path>
	<source>
		<database>Unknown</database>
	</source>
	<size>
		<width>1574</width>
		<height>740</height>
		<depth>3</depth>
	</size>
	<segmented>0</segmented>
	<object>
		<name>red_tank</name>
		<pose>Unspecified</pose>
		<truncated>0</truncated>
		<difficult>0</difficult>
		<bndbox>
			<xmin>1454</xmin>
			<ymin>228</ymin>
			<xmax>1508</xmax>
			<ymax>265</ymax>
		</bndbox>
	</object>
	<object>
		<name>red_tank</name>
		<pose>Unspecified</pose>
		<truncated>0</truncated>
		<difficult>0</difficult>
		<bndbox>
			<xmin>1472</xmin>
			<ymin>270</ymin>
			<xmax>1534</xmax>
			<ymax>315</ymax>
		</bndbox>
	</object>
	<object>
		<name>blue_tank</name>
		<pose>Unspecified</pose>
		<truncated>0</truncated>
		<difficult>0</difficult>
		<bndbox>
			<xmin>708</xmin>
			<ymin>360</ymin>
			<xmax>777</xmax>
			<ymax>400</ymax>
		</bndbox>
	</object>
	<object>
		<name>blue_tank</name>
		<pose>Unspecified</pose>
		<truncated>0</truncated>
		<difficult>0</difficult>
		<bndbox>
			<xmin>1408</xmin>
			<ymin>553</ymin>
			<xmax>1477</xmax>
			<ymax>596</ymax>
		</bndbox>
	</object>
</annotation>
