<annotation>
	<folder>rename</folder>
	<filename>000499.jpg</filename>
	<path>C:\Users\22824\Documents\WeChat Files\wxid_9n3z3s9199e421\FileStorage\File\2024-03\VOC\VOC\rename\000499.jpg</path>
	<source>
		<database>Unknown</database>
	</source>
	<size>
		<width>1574</width>
		<height>740</height>
		<depth>3</depth>
	</size>
	<segmented>0</segmented>
	<object>
		<name>blue_tank</name>
		<pose>Unspecified</pose>
		<truncated>0</truncated>
		<difficult>0</difficult>
		<bndbox>
			<xmin>460</xmin>
			<ymin>295</ymin>
			<xmax>513</xmax>
			<ymax>339</ymax>
		</bndbox>
	</object>
	<object>
		<name>blue_tank</name>
		<pose>Unspecified</pose>
		<truncated>0</truncated>
		<difficult>0</difficult>
		<bndbox>
			<xmin>461</xmin>
			<ymin>159</ymin>
			<xmax>514</xmax>
			<ymax>212</ymax>
		</bndbox>
	</object>
	<object>
		<name>red_tank</name>
		<pose>Unspecified</pose>
		<truncated>0</truncated>
		<difficult>0</difficult>
		<bndbox>
			<xmin>1462</xmin>
			<ymin>223</ymin>
			<xmax>1503</xmax>
			<ymax>270</ymax>
		</bndbox>
	</object>
	<object>
		<name>red_tank</name>
		<pose>Unspecified</pose>
		<truncated>0</truncated>
		<difficult>0</difficult>
		<bndbox>
			<xmin>1492</xmin>
			<ymin>292</ymin>
			<xmax>1553</xmax>
			<ymax>337</ymax>
		</bndbox>
	</object>
</annotation>
