<annotation>
	<folder>rename</folder>
	<filename>000402.jpg</filename>
	<path>C:\Users\22824\Documents\WeChat Files\wxid_9n3z3s9199e421\FileStorage\File\2024-03\VOC\VOC\rename\000402.jpg</path>
	<source>
		<database>Unknown</database>
	</source>
	<size>
		<width>1574</width>
		<height>740</height>
		<depth>3</depth>
	</size>
	<segmented>0</segmented>
	<object>
		<name>blue_tank</name>
		<pose>Unspecified</pose>
		<truncated>0</truncated>
		<difficult>0</difficult>
		<bndbox>
			<xmin>717</xmin>
			<ymin>361</ymin>
			<xmax>775</xmax>
			<ymax>400</ymax>
		</bndbox>
	</object>
	<object>
		<name>blue_tank</name>
		<pose>Unspecified</pose>
		<truncated>0</truncated>
		<difficult>0</difficult>
		<bndbox>
			<xmin>1405</xmin>
			<ymin>545</ymin>
			<xmax>1483</xmax>
			<ymax>590</ymax>
		</bndbox>
	</object>
	<object>
		<name>red_tank</name>
		<pose>Unspecified</pose>
		<truncated>0</truncated>
		<difficult>0</difficult>
		<bndbox>
			<xmin>1448</xmin>
			<ymin>219</ymin>
			<xmax>1505</xmax>
			<ymax>269</ymax>
		</bndbox>
	</object>
	<object>
		<name>red_tank</name>
		<pose>Unspecified</pose>
		<truncated>0</truncated>
		<difficult>0</difficult>
		<bndbox>
			<xmin>1476</xmin>
			<ymin>264</ymin>
			<xmax>1533</xmax>
			<ymax>303</ymax>
		</bndbox>
	</object>
</annotation>
